-- Adminer 4.8.1 MySQL 8.0.32 dump

SET NAMES utf8;
SET time_zone = '+00:00';
SET foreign_key_checks = 0;
SET sql_mode = 'NO_AUTO_VALUE_ON_ZERO';

SET NAMES utf8mb4;

DROP TABLE IF EXISTS `teams`;
CREATE TABLE `teams` (
  `id` bigint unsigned NOT NULL AUTO_INCREMENT,
  `created_at` timestamp NULL DEFAULT NULL,
  `updated_at` timestamp NULL DEFAULT NULL,
  `name` varchar(255) COLLATE utf8mb4_unicode_ci NOT NULL,
  `nickname` varchar(255) COLLATE utf8mb4_unicode_ci NOT NULL,
  `foundation` varchar(255) COLLATE utf8mb4_unicode_ci NOT NULL,
  `stade` varchar(255) COLLATE utf8mb4_unicode_ci NOT NULL,
  `capacity` varchar(255) COLLATE utf8mb4_unicode_ci NOT NULL,
  `website` varchar(255) COLLATE utf8mb4_unicode_ci NOT NULL,
  `facebook` varchar(255) COLLATE utf8mb4_unicode_ci DEFAULT NULL,
  `twitter` varchar(255) COLLATE utf8mb4_unicode_ci DEFAULT NULL,
  `instagram` varchar(255) COLLATE utf8mb4_unicode_ci DEFAULT NULL,
  `youtube` varchar(255) COLLATE utf8mb4_unicode_ci DEFAULT NULL,
  `logo` varchar(255) CHARACTER SET utf8mb4 COLLATE utf8mb4_unicode_ci DEFAULT NULL,
  `description` text COLLATE utf8mb4_unicode_ci,
  PRIMARY KEY (`id`)
) ENGINE=InnoDB DEFAULT CHARSET=utf8mb4 COLLATE=utf8mb4_unicode_ci;

INSERT INTO `teams` (`id`, `created_at`, `updated_at`, `name`, `nickname`, `foundation`, `stade`, `capacity`, `website`, `facebook`, `twitter`, `instagram`, `youtube`, `logo`, `description`) VALUES
(1,	NULL,	NULL,	'Avirons Bayonnais',	'AB',	'1906',	'Jean Dauger',	'18069',	'www.abrugby.fr',	'https://www.facebook.com/avironbayonnaisrugbypro',	'https://twitter.com/avironrugbypro',	'https://www.instagram.com/avironrugbypro/',	'',	'https://upload.wikimedia.org/wikipedia/fr/thumb/1/1b/Logo_Aviron_Bayonnais_Rugby_-_2022.svg/1936px-Logo_Aviron_Bayonnais_Rugby_-_2022.svg.png',	NULL),
(2,	NULL,	NULL,	'Union Bordaux Bègles',	'UBB',	'2006',	'Chaban-Delmas',	'34462',	'http://www.ubbrugby.com/',	'https://www.facebook.com/ubbrugby',	'https://twitter.com/ubbrugby',	'https://www.instagram.com/ubbrugby',	'https://www.youtube.com/channel/UC0ofHgdtPGcNd21eVuBSWBQ',	'https://www.ubbrugby.com/application/uploads/files/logo_UBB%20transparent.png',	NULL),
(3,	NULL,	NULL,	'Club Athlétique Brive Corrèze Limousin',	'CAB',	'1910',	'Amédée- Domenech',	'13379',	'www.cabrive-rugby.com',	'https://www.facebook.com/CA-Brive-Rugby-Officiel-136407633069304/',	'https://twitter.com/CABCLRUGBY',	'https://www.instagram.com/cabriverugbyofficiel/',	'',	'https://upload.wikimedia.org/wikipedia/fr/thumb/5/56/Club_athl%C3%A9tique_Brive_Corr%C3%A8ze_Limousin_logo.svg/800px-Club_athl%C3%A9tique_Brive_Corr%C3%A8ze_Limousin_logo.svg.png',	NULL),
(4,	NULL,	NULL,	'Castres Olympique',	'CO',	'1906',	'Pierre-Fabre',	'12500',	'www.castres-olympique.com',	'https://www.facebook.com/CastresOlympiqueOfficiel',	'https://twitter.com/CastresRugby',	'https://www.instagram.com/castresrugby/',	'',	'https://upload.wikimedia.org/wikipedia/fr/thumb/9/94/Castres_Olympique.svg/999px-Castres_Olympique.svg.png',	NULL),
(5,	NULL,	NULL,	'Association Sportive Montferrandaise Clermont Auvergne',	'ASM',	'1911',	'Marcel Michelin',	'19372',	'www.asm-rugby.com',	'https://fr-fr.facebook.com/asm.clermont.auvergne/',	'https://twitter.com/ASMOfficiel',	'',	'',	'https://upload.wikimedia.org/wikipedia/fr/thumb/a/a8/Logo_ASM_Clermont_Auvergne_2019.svg/1200px-Logo_ASM_Clermont_Auvergne_2019.svg.png',	NULL),
(6,	NULL,	NULL,	'Lyon Olympique Universitaire',	'LOU',	'1896',	'Matmut Stadium Gerland',	'35029',	'www.lourugby.fr',	'https://www.facebook.com/LOU.Rugby/',	'https://twitter.com/lelourugby?lang=fr',	'https://www.instagram.com/lourugby1896/?hl=fr',	'https://www.youtube.com/channel/UCAwMdlmJy1PmeeXwdZuTjXw',	'https://upload.wikimedia.org/wikipedia/fr/thumb/2/25/Lyon_olympique_universitaire.svg/1200px-Lyon_olympique_universitaire.svg.png',	NULL),
(7,	NULL,	NULL,	'Montpellier Hérault Rugby',	'MHR',	'1986',	'GGL Stadium',	'15697',	'www.montpellier-rugby.com',	'https://www.facebook.com/Montpellier.Rugby',	'https://twitter.com/MHR_officiel',	'https://www.instagram.com/mhr_officiel',	'https://www.youtube.com/user/montpellierrugby?feature=results_main',	'https://upload.wikimedia.org/wikipedia/fr/thumb/d/d9/Logo_Montpellier_H%C3%A9rault_rugby_2013.svg/1200px-Logo_Montpellier_H%C3%A9rault_rugby_2013.svg.png',	NULL),
(8,	NULL,	NULL,	'Section Paloise',	'SP',	'1902',	'Stade du Hameau',	'14588',	'http://www.section-paloise.com/',	'https://www.facebook.com/SectionPaloiseBearnPyrenees',	'http://instagram.com/sectionpaloisebearnpyrenees',	'http://instagram.com/sectionpaloisebearnpyrenees',	'',	'https://upload.wikimedia.org/wikipedia/fr/thumb/9/91/Section_Paloise_logo.svg/1200px-Section_Paloise_logo.svg.png',	NULL),
(9,	NULL,	NULL,	'Rugby Club Toulonnais',	'RCT',	'1908',	'Stade Mayol',	'17500',	'http://www.rctoulon.com/',	'https://www.facebook.com/RCTofficiel',	'https://twitter.com/rctofficiel',	'https://instagram.com/rctofficiel/',	'https://www.youtube.com/c/RCTRugbyClubToulonnais',	'https://upload.wikimedia.org/wikipedia/fr/thumb/5/5a/Logo_Rugby_club_toulonnais.svg/1200px-Logo_Rugby_club_toulonnais.svg.png',	NULL),
(10,	NULL,	NULL,	'Stade Français Paris',	'SFP',	'1883',	'Jean-Bouin',	'25000',	'www.stade.fr',	'https://www.facebook.com/SFPARIS',	'https://twitter.com/SFParisRugby',	'https://www.instagram.com/stade_francais_paris/',	'https://www.youtube.com/channel/UC9HI0fd8SE_IfSaFkVKfPLA',	'https://upload.wikimedia.org/wikipedia/fr/thumb/0/0f/Logo_Stade_fran%C3%A7ais_PR_2018.svg/1200px-Logo_Stade_fran%C3%A7ais_PR_2018.svg.png',	NULL),
(11,	NULL,	NULL,	'Stade Rochelais',	'SR',	'1898',	'Marcel Deflandre',	'16000',	'http://www.staderochelais.com/',	'https://www.facebook.com/staderochelais',	'https://twitter.com/staderochelais',	'https://www.instagram.com/staderochelais',	'https://www.dailymotion.com/staderochelais',	'https://upload.wikimedia.org/wikipedia/fr/thumb/4/44/Logo_Stade_rochelais_2016.svg/1594px-Logo_Stade_rochelais_2016.svg.png',	NULL),
(12,	NULL,	NULL,	'Stade Toulousain',	'ST',	'1907',	'Ernest Wallon',	'19000',	'www.stadetoulousain.fr',	'https://fr-fr.facebook.com/StadeToulousainOfficiel',	'https://twitter.com/StadeToulousain',	'http://instagram.com/stadetoulousainrugby',	'https://www.youtube.com/stadetoulousain',	'https://upload.wikimedia.org/wikipedia/fr/0/01/Logo_Stade_Toulousain_Rugby.svg',	NULL),
(13,	NULL,	NULL,	'Union Sportive Arlequins Perpignanais',	'USAP',	'1902',	'Aimé-Giral',	'14593',	'www.usap.fr',	'https://www.facebook.com/USAPOfficiel',	'https://twitter.com/usap_officiel',	'https://www.instagram.com/usapofficiel/',	'https://www.youtube.com/channel/UCUZuZFU1VeHD9ZJJ3t3wnsQ',	'https://upload.wikimedia.org/wikipedia/fr/thumb/7/77/Logo_USA_Perpignan_2017.svg/1200px-Logo_USA_Perpignan_2017.svg.png',	NULL),
(14,	NULL,	NULL,	'Racing 92',	'R92',	'1890',	'Paris La Défense Aréna',	'32000',	'www.racing92.fr',	'https://www.facebook.com/Racing92Officiel/',	'https://twitter.com/Racing92',	'https://www.instagram.com/Racing92/',	'https://www.youtube.com/channel/UC4MQWtqrcD567vQIKyBJcsQ/',	'https://upload.wikimedia.org/wikipedia/fr/thumb/c/c7/Logo_Racing_92_2015.svg/640px-Logo_Racing_92_2015.svg.png',	NULL),
(15,	NULL,	NULL,	'Provence Rugby Aix-Marseille',	'PR',	'1970',	'Maurice-David',	'6425',	'https://www.provencerugby.com/',	'https://www.facebook.com/ProvenceRugby',	'https://twitter.com/ProvenceRugby',	'https://instagram.com/provencerugbyofficiel/',	'https://www.youtube.com/channel/UC6j-ShG-12kluScwHKoEhew',	'https://upload.wikimedia.org/wikipedia/fr/thumb/4/48/Logo_Provence_Rugby_-_2021.svg/1200px-Logo_Provence_Rugby_-_2021.svg.png',	NULL),
(16,	NULL,	NULL,	'Stade Aurillacois Cantal Auvergne',	'SACA',	'1904',	'Jean-Alrice',	'7800',	'www.stade-aurillacois.fr',	'https://www.facebook.com/SArugbyofficiel/',	'https://twitter.com/SArugbyofficiel',	'https://www.instagram.com/sarugbyofficiel/',	'https://www.youtube.com/channel/UCouXlRCs_l6lnTG1pTSQKaQ',	'https://upload.wikimedia.org/wikipedia/fr/thumb/c/c2/Logo_Stade_aurillacois_Cantal_Auvergne_2018.svg/800px-Logo_Stade_aurillacois_Cantal_Auvergne_2018.svg.png',	NULL),
(17,	NULL,	NULL,	'Sportive Union Agen Lot-et-Garonne',	'SUA',	'1905',	'Armandie',	'14400',	'http://www.agen-rugby.com/',	'https://www.facebook.com/agenrugby/',	'https://twitter.com/agen_rugby',	'https://www.instagram.com/agen_rugby/',	'http://www.dailymotion.com/agenrugby',	'https://upload.wikimedia.org/wikipedia/fr/thumb/5/51/Logo_Sporting_Union_Agen_Lot-et-Garonne_2020.svg/674px-Logo_Sporting_Union_Agen_Lot-et-Garonne_2020.svg.png',	NULL),
(18,	NULL,	NULL,	'Soyaux Angoulême XV Charente',	'SA XV',	'2010',	'Chanzy',	'8000',	'http://www.saxvcharente.fr/',	'https://www.facebook.com/saxvcharente.fr',	'https://twitter.com/saxv_charente',	'https://www.instagram.com/saxv_charente_rugby',	'',	'https://upload.wikimedia.org/wikipedia/fr/thumb/a/a5/Logo_Soyaux_Angoul%C3%AAme_XV_Charente_-_2017.svg/1200px-Logo_Soyaux_Angoul%C3%AAme_XV_Charente_-_2017.svg.png',	NULL),
(19,	NULL,	NULL,	'Association Sportive Béziers Hérault',	'ASBH',	'1911',	'Raoul-Barrière',	'18255',	'https://www.asbh.net/',	'https://www.facebook.com/pages/ASBH-Officiel',	'https://twitter.com/ASBHOfficiel',	'https://www.instagram.com/asbhofficiel/',	'https://www.youtube.com/c/ASB%C3%A9ziersH%C3%A9raultRugby',	'https://upload.wikimedia.org/wikipedia/fr/thumb/1/14/Logo_AS_B%C3%A9ziers_H%C3%A9rault.svg/1200px-Logo_AS_B%C3%A9ziers_H%C3%A9rault.svg.png',	NULL),
(20,	NULL,	NULL,	'Biarritz Olympique',	'BO',	'1913',	'Parc des sports Aguiléra',	'13400',	'bo-pb.com',	'https://www.facebook.com/BOPB-page-officielle-208217155896387/',	'https://twitter.com/BOPBweb',	'https://www.instagram.com/bopb_officiel/?hl=fr',	'',	'https://upload.wikimedia.org/wikipedia/fr/thumb/0/05/Logo_Biarritz_Olympique_Pays_Basque_-_2016.svg/1200px-Logo_Biarritz_Olympique_Pays_Basque_-_2016.svg.png',	NULL),
(21,	NULL,	NULL,	'Union Sportive Carcasonnaise XV',	'USC XV',	'1899',	'Albert-Domec',	'6500',	'http://www.uscarcassonne.com/',	'https://www.facebook.com/USCXV',	'https://twitter.com/USCXV',	'https://www.instagram.com/uscarcassonnexv',	'https://www.youtube.com/user/UsCarcassonne1',	'https://upload.wikimedia.org/wikipedia/fr/thumb/c/ca/Logo_Union_sportive_carcassonnaise_XV_2010.svg/1200px-Logo_Union_sportive_carcassonnaise_XV_2010.svg.png',	NULL),
(22,	NULL,	NULL,	'Colomiers Rugby',	'COL',	'1915',	'Michel Bendichou',	'11000',	'http://www.colomiers-rugby.com/',	'https://www.facebook.com/ColomiersRugbyOfficiel/',	'https://twitter.com/ColomiersRugby',	'https://instagram.com/colomiersrugby',	'',	'https://upload.wikimedia.org/wikipedia/fr/e/e9/Logo_Colomiers_Rugby_2008.svg',	NULL),
(23,	NULL,	NULL,	'Football Club de Grenoble Rugby',	'FCGB',	'1892',	'Stade des Alpes',	'20068',	'http://www.fcgrugby.com/',	'https://www.facebook.com/FCGrugby',	'https://twitter.com/fcgrugby?lang=fr',	'https://www.instagram.com/fcgrugby/',	'',	'https://upload.wikimedia.org/wikipedia/fr/4/46/Logo_FC_Grenoble_Rugby.svg',	NULL),
(24,	NULL,	NULL,	'Union Sportive Montabanaise XV',	'USM XV',	'1903',	'Sapiac',	'1937',	'www.usmsapiac.fr',	'https://www.facebook.com/USMsapiac',	'https://twitter.com/UsmSapiacRugby',	'https://www.instagram.com/usm_sapiac/',	'https://www.youtube.com/channel/UCBOhWG8te6jvgqnx-2JPwWA',	'https://upload.wikimedia.org/wikipedia/fr/thumb/9/92/Logo_US_Montalbanaise_-_2017.svg/1200px-Logo_US_Montalbanaise_-_2017.svg.png',	NULL),
(25,	NULL,	NULL,	'Stade Montois Rugby',	'SMR',	'1908',	'André et Guy Boniface',	'8250',	'http://www.stademontoisrugby.fr/',	'https://www.facebook.com/SM.Rugby.Pro/',	'https://twitter.com/SMR_Rugby',	'https://www.instagram.com/stademontoisrugby/?hl=fr',	'',	'https://upload.wikimedia.org/wikipedia/commons/thumb/a/a0/Stade_Montois_Rugby_Pro.svg/1200px-Stade_Montois_Rugby_Pro.svg.png',	NULL),
(26,	NULL,	NULL,	'Rugby Massy Club Essonne',	'RCME',	'1971',	'Jules Ladoumègue',	'3000',	'rcmessonne.com',	'https://www.facebook.com/pages/Rugby-Club-Massy-Essonne',	'https://twitter.com/RCME91',	'https://www.instagram.com/rcme_officiel/',	'https://www.youtube.com/channel/UCTYBfKIfruJbj8QRfL0PZ1w',	'https://upload.wikimedia.org/wikipedia/fr/thumb/0/0a/Logo_Rugby_Club_Massy_Essonne_-_2020.svg/800px-Logo_Rugby_Club_Massy_Essonne_-_2020.svg.png',	NULL),
(27,	NULL,	NULL,	'USON Nevers Rugby',	'USON',	'1903',	'Stade du Pré Fleuri ',	'7500',	'http://www.usonneversrugby.com/',	'https://www.facebook.com/UsonNeversRugby',	'https://twitter.com/usonneversrugby',	'https://www.instagram.com/usonneversrugby',	'https://www.youtube.com/user/UsonRugbyPlus',	'https://upload.wikimedia.org/wikipedia/fr/thumb/4/4a/Logo_USON_Nevers_2016.svg/782px-Logo_USON_Nevers_2016.svg.png',	NULL),
(28,	NULL,	NULL,	'Oyonnax Rugby',	'OYO',	'1909',	'Charles Mathon',	'11400',	'http://www.oyonnaxrugby.com/',	'https://www.facebook.com/OyonnaxRugbyOfficiel',	'https://twitter.com/OyonnaxRugby',	'https://www.instagram.com/oyonnaxrugby/?hl=fr',	'https://www.youtube.com/channel/UCf7BLip3jg_Vod8RRJa7T6Q',	'https://upload.wikimedia.org/wikipedia/fr/thumb/9/9d/Logo_Oyonnax_rugby_2018.svg/1200px-Logo_Oyonnax_rugby_2018.svg.png',	NULL),
(29,	NULL,	NULL,	'Rouen Normandie Rugby',	'RNR',	'2009',	'Robert Diochon',	'12018',	'https://rouennormandierugby.fr/',	'https://www.facebook.com/RouenNormandieRugby/',	'https://twitter.com/rouenndierugby?lang=fr',	'https://www.instagram.com/rouen_normandie_rugby/',	'',	'https://upload.wikimedia.org/wikipedia/fr/thumb/8/8e/Logo_Rouen_Normandie_Rugby_-_2019.svg/1200px-Logo_Rouen_Normandie_Rugby_-_2019.svg.png',	NULL),
(30,	NULL,	NULL,	'Rugby Club Vannetais',	'RCV',	'1950',	'La Rabine',	'11415',	'http://www.rugbyclubvannes.bzh/',	'https://www.facebook.com/RugbyClubVannes',	'https://twitter.com/RugbyClubVannes',	'https://www.instagram.com/rugbyclubvannes/',	'https://www.youtube.com/channel/UCcmJvevXM_U1OWchJwOJxbQ',	'https://upload.wikimedia.org/wikipedia/fr/thumb/7/74/Logo_RC_Vannes_-_2022.svg/1200px-Logo_RC_Vannes_-_2022.svg.png',	NULL),
(31,	NULL,	NULL,	'Bath Rugby',	'BR',	'1865',	'Recreation Ground',	'14000',	'https://www.bathrugby.com/',	'http://www.facebook.com/bathrugby',	'http://twitter.com/bathrugby',	'https://instagram.com/bathrugby/',	'https://www.youtube.com/user/BathRugbyTV',	'https://upload.wikimedia.org/wikipedia/fr/thumb/c/c3/Logo_Bath_Rugby_2014.svg/1200px-Logo_Bath_Rugby_2014.svg.png',	NULL),
(32,	NULL,	NULL,	'Bristol Bears',	'Bears',	'1888',	'Ashton Gate Stadium',	'27000',	'https://www.bristolbearsrugby.com/',	'https://www.facebook.com/bristolbears',	'https://twitter.com/BristolBears',	'https://instagram.com/bristolbearsrfc/',	'https://www.youtube.com/c/Bristolbearstv',	'https://upload.wikimedia.org/wikipedia/fr/thumb/5/5a/Logo_Bristol_Bears_2018.svg/1200px-Logo_Bristol_Bears_2018.svg.png',	NULL),
(33,	NULL,	NULL,	'Exeter Rugby Club',	'Chiefs',	'1871',	'Sandy Park ',	'12500',	'http://www.exeterchiefs.co.uk/',	'https://facebook.com/ExeterChiefs',	'https://twitter.com/ExeterChiefs',	'https://instagram.com/officialexeterchiefs/',	'https://www.youtube.com/user/officialexeterchiefs',	'https://upload.wikimedia.org/wikipedia/fr/e/e7/Logo_Exeter_Chiefs_2022.svg',	NULL),
(34,	NULL,	NULL,	'Gloucester Rugby',	'Cherry and Whites',	'1873',	'Kingsholm Stadium',	'16500',	'https://www.gloucesterrugby.co.uk/',	'https://facebook.com/GloucesterRugby',	'https://twitter.com/GloucesterRugby',	'https://instagram.com/officialGloucesterRugby',	'https://www.youtube.com/user/GloucesterRugbyTV',	'https://upload.wikimedia.org/wikipedia/fr/thumb/7/72/Logo_Gloucester_Rugby_2018.svg/1200px-Logo_Gloucester_Rugby_2018.svg.png',	NULL),
(35,	NULL,	NULL,	'Harlequins Football Club',	'Quins',	'1866',	'The Stoop',	'14800',	'https://www.quins.co.uk/',	'https://en-gb.facebook.com/harlequins/',	'https://twitter.com/Harlequins',	'https://www.instagram.com/harlequins',	'',	'https://upload.wikimedia.org/wikipedia/fr/thumb/3/34/Logo_Harlequin_Football_Club_2011.svg/1200px-Logo_Harlequin_Football_Club_2011.svg.png',	NULL),
(36,	NULL,	NULL,	'Leicester Football Club',	'Tigers',	'1880',	'Welford Road Staidum',	'24000',	'http://www.tigers.co.uk/home.php',	'https://www.facebook.com/leicestertigers',	'https://twitter.com/leicestertigers',	'https://www.instagram.com/leicestertigers/',	'https://www.youtube.com/user/LeicesterTigersLTTV',	'https://upload.wikimedia.org/wikipedia/fr/thumb/3/34/Logo_Harlequin_Football_Club_2011.svg/1200px-Logo_Harlequin_Football_Club_2011.svg.png',	NULL),
(37,	NULL,	NULL,	'London Irish Football Club',	'The Exiles',	'1898',	'Gtech Community Stadium',	'17250',	'www.london-irish.com',	'https://www.facebook.com/LIRFC',	'https://twitter.com/londonirish',	'https://www.instagram.com/londonirish1898/',	'https://www.youtube.com/channel/UCQYMvGMgRj8Yjbdv72hOgXA',	'https://upload.wikimedia.org/wikipedia/fr/thumb/9/90/Logo_London_Irish_2019.svg/1200px-Logo_London_Irish_2019.svg.png',	NULL),
(38,	NULL,	NULL,	'Newcastle Falcons',	'Falcons',	'1877',	'Kingston Park',	'10200',	'http://www.newcastlefalcons.co.uk',	'https://www.facebook.com/newcastle.falcons',	'https://twitter.com/FalconsRugby',	'',	'https://www.youtube.com/user/NewcastleFalcons1',	'https://upload.wikimedia.org/wikipedia/fr/thumb/d/d7/Logo_Newcastle_Falcons.svg/1200px-Logo_Newcastle_Falcons.svg.png',	NULL),
(39,	NULL,	NULL,	'Northampton Saints Rugby Football Club',	'Saints',	'1880',	'Franklin\'s Garden',	'15500',	'http://www.northamptonsaints.co.uk/',	'https://facebook.com/northamptonsaints',	'https://twitter.com/SaintsRugby',	'https://instagram.com/northamptonsaints',	'https://youtube.com/user/TheSaintsTV',	'https://encrypted-tbn0.gstatic.com/images?q=tbn:ANd9GcSNmxktUnK8vEBaJUhNjtafLRLw7s7PqlxiDBWzkCo&s',	NULL),
(40,	NULL,	NULL,	'Sale Sharks Rugby Union Football Club',	'Sharks',	'1861',	'AJ Bell Stadium',	'12000',	'https://www.salesharks.com/',	'https://www.facebook.com/SaleSharksRugby/',	'https://twitter.com/SaleSharksRugby',	'https://www.instagram.com/salesharks/',	'https://www.youtube.com/channel/UC_k3xuhlC_jBgfpJdMqAKxw',	'https://upload.wikimedia.org/wikipedia/fr/thumb/3/34/Sale_Sharks_%28logo%29.svg/1200px-Sale_Sharks_%28logo%29.svg.png',	NULL),
(41,	NULL,	NULL,	'Saracens Football Club',	'Sarries',	'1876',	'StoneX Stadium',	'15000',	'http://www.saracens.com/',	'https://www.facebook.com/SaracensOfficial',	'https://twitter.com/Saracens',	'https://www.instagram.com/saracensofficial',	'https://www.youtube.com/channel/UCHZjhtppDSbFEXWA80d5WBw',	'https://upload.wikimedia.org/wikipedia/fr/thumb/0/05/Logo_Saracens_2021.svg/1200px-Logo_Saracens_2021.svg.png',	NULL),
(42,	NULL,	NULL,	'Bulls',	'The Bulls',	'1997',	'Lotus Versfeld',	'51762',	'bullsrugby.co.za',	'https://www.facebook.com/BullsOfficial',	'https://twitter.com/BlueBullsRugby',	'https://www.instagram.com/blue_bulls_official/',	'https://www.youtube.com/user/VodacomBulls/feed',	'https://upload.wikimedia.org/wikipedia/commons/5/55/Bulls-logo.jpg',	NULL),
(43,	NULL,	NULL,	'Cardiff Rugby',	'Blues',	'2003',	'Cardiff Arms Park',	'12500',	'https://www.cardiffrugby.wales/',	'https://www.facebook.com/cardiffrugby1876',	'https://twitter.com/cardiff_rugby',	'https://www.instagram.com/cardiff.rugby/',	'',	'https://upload.wikimedia.org/wikipedia/fr/thumb/8/85/Logo_Cardiff_Rugby_2021.svg/1200px-Logo_Cardiff_Rugby_2021.svg.png',	NULL),
(44,	NULL,	NULL,	'Connacht Rugby',	'Greens',	'1885',	'Galway Sportsground',	'8100',	'https://www.connachtrugby.ie/',	'https://www.facebook.com/ConnachtRugby',	'https://twitter.com/connachtrugby',	'https://www.instagram.com/connachtrugby/',	'',	'https://upload.wikimedia.org/wikipedia/fr/thumb/8/85/Logo_Cardiff_Rugby_2021.svg/1200px-Logo_Cardiff_Rugby_2021.svg.png',	NULL),
(45,	NULL,	NULL,	'Edimbourg Rugby',	'Gunners',	'1872',	'Murrayfield',	'67000',	'https://www.edinburghrugby.org/',	'https://www.facebook.com/EdinburghRugby',	'https://twitter.com/EdinburghRugby',	'https://www.instagram.com/edinburghrugby',	'https://www.youtube.com/EdinburghRugbyTV',	'https://upload.wikimedia.org/wikipedia/fr/thumb/8/85/Logo_Cardiff_Rugby_2021.svg/1200px-Logo_Cardiff_Rugby_2021.svg.png',	NULL),
(46,	NULL,	NULL,	'Glasgow Warriors',	'Warriors',	'1872',	'Scotstun Stadium',	'11000',	'http://www.glasgowwarriors.org/',	'https://www.facebook.com/GlasgowWarriors',	'https://twitter.com/GlasgowWarriors',	'https://www.instagram.com/glasgowwarriors',	'https://www.youtube.com/glasgowwarriors',	'https://upload.wikimedia.org/wikipedia/fr/thumb/7/75/Logo_Glasgow_Warriors_2019.svg/1200px-Logo_Glasgow_Warriors_2019.svg.png',	NULL),
(47,	NULL,	NULL,	'Leinster Rugby',	'Boys in blue',	'1875',	'RDS Arena',	'18500',	'http://www.leinsterrugby.ie/',	'https://www.facebook.com/leinsterrugby/?fref=ts',	'https://twitter.com/leinsterrugby',	'https://www.instagram.com/leinsterrugby/?hl=en',	'https://www.youtube.com/user/LeinsterrugbyTV',	'https://upload.wikimedia.org/wikipedia/fr/thumb/2/2c/Logo_Leinster_Rugby.svg/1200px-Logo_Leinster_Rugby.svg.png',	NULL),
(48,	NULL,	NULL,	'Lions',	'Cats',	'1996',	'Ellis Park Stadium',	'59611',	'http://www.lionsrugby.co.za/',	'https://www.facebook.com/lionsrugbyco/',	'https://twitter.com/LionsRugbyCo',	'https://twitter.com/LionsRugbyCo',	'https://www.youtube.com/channel/UCdddB27Aoxea_QS0EyPJoRQ',	'https://assets.stickpng.com/images/5ae2e50233b73fa43b1a8986.png',	NULL),
(49,	NULL,	NULL,	'Scarlets',	'Scarlets',	'2003',	'Parc y Scarlets',	'14870',	'https://www.scarlets.wales/',	'https://www.facebook.com/OfficialScarlets/',	'https://twitter.com/scarlets_rugby',	'https://www.instagram.com/scarlets_rugby/',	'https://www.youtube.com/channel/UCSpQ51CzUYp_ambKRD7fDCg',	'https://upload.wikimedia.org/wikipedia/fr/thumb/0/03/Logo_Scarlets_2008.svg/1200px-Logo_Scarlets_2008.svg.png',	NULL),
(50,	NULL,	NULL,	'Munster Rugby',	'Red Army',	'1879',	'Thomond Park',	'26500',	'http://www.munsterrugby.ie/',	'',	'https://twitter.com/MunsterRugby',	'https://twitter.com/MunsterRugby',	'https://www.youtube.com/user/MunsterView',	'https://upload.wikimedia.org/wikipedia/fr/thumb/9/94/Munster_Rugby_%28logo%29.svg/1200px-Munster_Rugby_%28logo%29.svg.png',	NULL),
(51,	NULL,	NULL,	'Dragons RFC',	'Dragons',	'2003',	'Rodney Parade',	'11676',	'https://www.dragonsrugby.wales/',	'https://www.facebook.com/dragonsrfc.wales/',	'https://twitter.com/dragonsrugby',	'https://twitter.com/dragonsrugby',	'https://www.youtube.com/channel/UCdB_8F9Yqur14jXdSzxyQeA',	'https://upload.wikimedia.org/wikipedia/fr/d/d1/Logo_Dragons_RFC_2022.png',	NULL),
(52,	NULL,	NULL,	'Ospreys',	'Y Gweilch',	'2003',	'Liberty Stadium',	'20000',	'http://www.ospreysrugby.com/',	'https://www.facebook.com/ospreysrugby',	'https://twitter.com/ospreys',	'https://www.instagram.com/ospreys_official/',	'https://www.youtube.com/user/OspreysHighlights',	'https://upload.wikimedia.org/wikipedia/fr/thumb/7/7f/Logo_Ospreys.svg/1200px-Logo_Ospreys.svg.png',	NULL),
(53,	NULL,	NULL,	'Durban Sharks',	'Sharks',	'1996',	'Kings Park Stadium',	'55000',	'http://www.sharksrugby.co.za/',	'https://www.facebook.com/SharksRugby',	'https://twitter.com/SharksRugby',	'https://www.instagram.com/sharksrugby/',	'https://www.youtube.com/user/TheSharksZA',	'https://upload.wikimedia.org/wikipedia/fr/thumb/7/7b/CellCSharksRugbylogo.svg/1200px-CellCSharksRugbylogo.svg.png',	NULL),
(54,	NULL,	NULL,	'Stormers',	'The Stormers',	'1996',	'Cape Town Stadium',	'55000',	'http://thestormers.com/',	'https://www.facebook.com/stormers',	'https://twitter.com/thestormers',	'https://www.instagram.com/dhlstormers/',	'https://www.youtube.com/user/StormersTV',	'https://upload.wikimedia.org/wikipedia/fr/thumb/1/18/Logo_Stormers_Rugby.svg/1200px-Logo_Stormers_Rugby.svg.png',	NULL),
(55,	NULL,	NULL,	'Benetton Rugby Trévise',	'Benetton',	'1932',	'Stadio Comunale di Monigo',	'6700',	'http://www.benettonrugby.it/',	'https://www.facebook.com/BenettonRugbyTreviso',	'https://twitter.com/benettonrugby?lang=it',	'https://www.instagram.com/benettonrugby/',	'https://www.youtube.com/user/BenettonRugby',	'https://upload.wikimedia.org/wikipedia/fr/thumb/a/a3/Logo_Benetton_Rugby.svg/1200px-Logo_Benetton_Rugby.svg.png',	NULL),
(56,	NULL,	NULL,	'Ulster Rugby',	'UlsterMan',	'1872',	'Ravenhill Stadium',	'18200',	'http://www.ulsterrugby.com/',	'https://www.facebook.com/ulsterrugby/?utm_source=web&utm_medium=footer&utm_campaign=social-links',	'https://twitter.com/UlsterRugby?utm_source=web&utm_medium=footer&utm_campaign=social-links',	'https://www.instagram.com/officialulsterrugby',	'https://www.youtube.com/user/UlsterRugbyTV?sub_confirmation=1',	'https://i.bleacherreport.net/images/team_logos/328x328/ulster_rugby.png?canvas=492,328',	NULL),
(57,	NULL,	NULL,	'Zèbres Parma',	'Zèbra',	'1973',	'Stadio XXV Aprile',	'5000',	'https://www.zebreparma.it/',	'https://www.zebreparma.it/it-it/facebook.aspx',	'https://www.zebreparma.it/it-it/twitter.aspx',	'https://www.zebreparma.it/it-it/instagram.aspx',	'https://www.zebreparma.it/it-it/youtube.aspx',	'https://upload.wikimedia.org/wikipedia/fr/thumb/b/b7/Logo_Zebre_Rugby_Club_2017.svg/1024px-Logo_Zebre_Rugby_Club_2017.svg.png',	NULL),
(58,	'2023-07-20 12:24:44',	'2023-07-20 12:58:44',	'Union Sportive Dacquoise',	'USD',	'1904',	'Maurice-Boyau',	'7262',	'https://usdax.fr/rugby/',	'http://www.facebook.com/usdaxrugbylandes',	'http://twitter.com/usdaxrugby',	'https://www.instagram.com/usdaxrugby/',	NULL,	'https://upload.wikimedia.org/wikipedia/fr/thumb/7/7d/Logo_US_Dax_Rugby_Landes_-_2018.svg/langfr-130px-Logo_US_Dax_Rugby_Landes_-_2018.svg.png',	NULL),
(59,	'2023-07-20 12:30:58',	'2023-07-20 12:59:55',	'Valence Romans Drôme Rugby',	'VRDR',	'2016',	'Georges-Pompidou',	'15000',	'http://www.vrdr.fr/',	'https://fr-fr.facebook.com/VRDRrugby/',	'https://twitter.com/vrdrrugby',	'https://www.instagram.com/vrdrrugby/',	'https://www.youtube.com/channel/UCZUNaco8URaVgTHs0U961lw',	'https://upload.wikimedia.org/wikipedia/fr/thumb/7/7c/Logo_Valence_Romans_Dr%C3%B4me_Rugby_-_2019.svg/langfr-130px-Logo_Valence_Romans_Dr%C3%B4me_Rugby_-_2019.svg.png',	NULL);

DROP TABLE IF EXISTS `leagues`;
CREATE TABLE `leagues` (
  `id` bigint unsigned NOT NULL AUTO_INCREMENT,
  `name` varchar(255) COLLATE utf8mb4_unicode_ci NOT NULL,
  `creation` char(4) COLLATE utf8mb4_unicode_ci NOT NULL,
  `created_at` timestamp NULL DEFAULT NULL,
  `last_champion` bigint unsigned NOT NULL,
  `logo` varchar(255) COLLATE utf8mb4_unicode_ci DEFAULT NULL,
  `most_successfull` bigint unsigned NOT NULL,
  `updated_at` timestamp NULL DEFAULT NULL,
  PRIMARY KEY (`id`),
  KEY `leagues_last_champion_foreign` (`last_champion`),
  KEY `leagues_most_successfull_foreign` (`most_successfull`),
  CONSTRAINT `leagues_last_champion_foreign` FOREIGN KEY (`last_champion`) REFERENCES `teams` (`id`),
  CONSTRAINT `leagues_most_successfull_foreign` FOREIGN KEY (`most_successfull`) REFERENCES `teams` (`id`)
) ENGINE=InnoDB DEFAULT CHARSET=utf8mb4 COLLATE=utf8mb4_unicode_ci;

INSERT INTO `leagues` (`id`, `name`, `creation`, `created_at`, `last_champion`, `logo`, `most_successfull`, `updated_at`) VALUES
(1,	'Top 14',	'1892',	NULL,	12,	'https://upload.wikimedia.org/wikipedia/fr/thumb/3/3a/Top_14.svg/langfr-180px-Top_14.svg.png',	12,	'2023-07-20 12:45:08'),
(2,	'Pro D2',	'2000',	NULL,	28,	'https://upload.wikimedia.org/wikipedia/fr/thumb/c/c5/ProD2_logo_2012.svg/langfr-150px-ProD2_logo_2012.svg.png',	6,	'2023-07-20 12:45:45'),
(3,	'Premiership Rugby',	'1987',	NULL,	41,	'https://upload.wikimedia.org/wikipedia/fr/thumb/b/bd/Logo_Premiership_Rugby_2018.svg/langfr-180px-Logo_Premiership_Rugby_2018.svg.png',	36,	'2023-07-20 12:46:18'),
(4,	'United Rugby Championship',	'2001',	NULL,	50,	'https://upload.wikimedia.org/wikipedia/fr/thumb/d/db/Logo_United_Rugby_Championship_2021.png/180px-Logo_United_Rugby_Championship_2021.png',	54,	'2023-07-20 12:46:41'),
(5,	'Champion\'s Cup',	'1995',	NULL,	11,	'https://upload.wikimedia.org/wikipedia/fr/thumb/9/9a/Logo_Champions_Cup_2018.png/180px-Logo_Champions_Cup_2018.png',	12,	'2023-07-20 12:47:23'),
(6,	'EPCR Challenge Cup',	'1996',	NULL,	9,	'https://upload.wikimedia.org/wikipedia/fr/thumb/6/69/Logo_Challenge_Cup_2021.png/180px-Logo_Challenge_Cup_2021.png',	5,	'2023-07-20 12:48:06');

DROP TABLE IF EXISTS `league_team`;
CREATE TABLE `league_team` (
  `id` bigint unsigned NOT NULL AUTO_INCREMENT,
  `team_id` bigint unsigned NOT NULL,
  `league_id` bigint unsigned NOT NULL,
  `created_at` timestamp NULL DEFAULT NULL,
  `updated_at` timestamp NULL DEFAULT NULL,
  PRIMARY KEY (`id`),
  KEY `league_team_team_id_foreign` (`team_id`),
  KEY `league_team_league_id_foreign` (`league_id`),
  CONSTRAINT `league_team_league_id_foreign` FOREIGN KEY (`league_id`) REFERENCES `leagues` (`id`) ON DELETE CASCADE,
  CONSTRAINT `league_team_team_id_foreign` FOREIGN KEY (`team_id`) REFERENCES `teams` (`id`) ON DELETE CASCADE
) ENGINE=InnoDB DEFAULT CHARSET=utf8mb4 COLLATE=utf8mb4_unicode_ci;

INSERT INTO `league_team` (`id`, `team_id`, `league_id`, `created_at`, `updated_at`) VALUES
(1,	1,	1,	NULL,	NULL),
(2,	1,	6,	NULL,	NULL),
(3,	2,	1,	NULL,	NULL),
(4,	2,	5,	NULL,	NULL),
(5,	3,	2,	NULL,	NULL),
(7,	4,	1,	NULL,	NULL),
(8,	4,	6,	NULL,	NULL),
(9,	5,	1,	NULL,	NULL),
(10,	5,	6,	NULL,	NULL),
(11,	6,	1,	NULL,	NULL),
(12,	6,	5,	NULL,	NULL),
(13,	7,	1,	NULL,	NULL),
(14,	7,	6,	NULL,	NULL),
(15,	8,	1,	NULL,	NULL),
(16,	8,	6,	NULL,	NULL),
(17,	9,	1,	NULL,	NULL),
(18,	9,	6,	NULL,	NULL),
(19,	10,	1,	NULL,	NULL),
(20,	10,	6,	NULL,	NULL),
(21,	11,	1,	NULL,	NULL),
(22,	11,	5,	NULL,	NULL),
(23,	12,	1,	NULL,	NULL),
(24,	12,	5,	NULL,	NULL),
(25,	13,	1,	NULL,	NULL),
(26,	13,	6,	NULL,	NULL),
(27,	14,	1,	NULL,	NULL),
(28,	14,	5,	NULL,	NULL),
(29,	15,	2,	NULL,	NULL),
(30,	16,	2,	NULL,	NULL),
(31,	17,	2,	NULL,	NULL),
(32,	18,	2,	NULL,	NULL),
(33,	19,	2,	NULL,	NULL),
(34,	20,	2,	NULL,	NULL),
(35,	21,	2,	NULL,	NULL),
(36,	22,	2,	NULL,	NULL),
(37,	23,	2,	NULL,	NULL),
(38,	24,	2,	NULL,	NULL),
(39,	25,	2,	NULL,	NULL),
(40,	26,	2,	NULL,	NULL),
(41,	27,	2,	NULL,	NULL),
(42,	28,	1,	NULL,	NULL),
(43,	29,	2,	NULL,	NULL),
(44,	30,	2,	NULL,	NULL),
(45,	31,	3,	NULL,	NULL),
(46,	31,	6,	NULL,	NULL),
(47,	32,	3,	NULL,	NULL),
(48,	32,	6,	NULL,	NULL),
(49,	33,	3,	NULL,	NULL),
(50,	33,	5,	NULL,	NULL),
(51,	34,	3,	NULL,	NULL),
(52,	34,	5,	NULL,	NULL),
(53,	35,	3,	NULL,	NULL),
(54,	35,	5,	NULL,	NULL),
(55,	36,	3,	NULL,	NULL),
(56,	36,	5,	NULL,	NULL),
(57,	37,	3,	NULL,	NULL),
(58,	37,	5,	NULL,	NULL),
(59,	38,	3,	NULL,	NULL),
(60,	38,	6,	NULL,	NULL),
(61,	39,	3,	NULL,	NULL),
(62,	39,	5,	NULL,	NULL),
(63,	40,	3,	NULL,	NULL),
(64,	40,	5,	NULL,	NULL),
(65,	41,	3,	NULL,	NULL),
(66,	41,	5,	NULL,	NULL),
(67,	42,	4,	NULL,	NULL),
(68,	42,	5,	NULL,	NULL),
(69,	43,	4,	NULL,	NULL),
(70,	43,	6,	NULL,	NULL),
(71,	44,	4,	NULL,	NULL),
(72,	44,	6,	NULL,	NULL),
(73,	45,	4,	NULL,	NULL),
(74,	45,	5,	NULL,	NULL),
(75,	46,	4,	NULL,	NULL),
(76,	46,	6,	NULL,	NULL),
(77,	47,	4,	NULL,	NULL),
(78,	47,	5,	NULL,	NULL),
(79,	48,	4,	NULL,	NULL),
(80,	48,	6,	NULL,	NULL),
(81,	49,	4,	NULL,	NULL),
(82,	49,	5,	NULL,	NULL),
(83,	50,	4,	NULL,	NULL),
(84,	50,	5,	NULL,	NULL),
(85,	51,	4,	NULL,	NULL),
(86,	51,	6,	NULL,	NULL),
(87,	52,	4,	NULL,	NULL),
(88,	52,	5,	NULL,	NULL),
(89,	53,	4,	NULL,	NULL),
(90,	53,	5,	NULL,	NULL),
(91,	54,	4,	NULL,	NULL),
(92,	54,	5,	NULL,	NULL),
(93,	55,	4,	NULL,	NULL),
(94,	55,	6,	NULL,	NULL),
(95,	56,	4,	NULL,	NULL),
(96,	56,	5,	NULL,	NULL),
(97,	57,	4,	NULL,	NULL),
(98,	57,	6,	NULL,	NULL),
(105,	28,	6,	NULL,	NULL),
(106,	59,	2,	NULL,	NULL);

DROP TABLE IF EXISTS `pictures`;
CREATE TABLE `pictures` (
  `id` bigint unsigned NOT NULL AUTO_INCREMENT,
  `location` varchar(500) CHARACTER SET utf8mb4 COLLATE utf8mb4_unicode_ci NOT NULL,
  `team_id` bigint unsigned DEFAULT NULL,
  `league_id` bigint unsigned DEFAULT NULL,
  `created_at` timestamp NULL DEFAULT NULL,
  `updated_at` timestamp NULL DEFAULT NULL,
  PRIMARY KEY (`id`),
  KEY `pictures_team_id_foreign` (`team_id`),
  KEY `pictures_league_id_foreign` (`league_id`),
  CONSTRAINT `pictures_league_id_foreign` FOREIGN KEY (`league_id`) REFERENCES `leagues` (`id`) ON DELETE CASCADE,
  CONSTRAINT `pictures_team_id_foreign` FOREIGN KEY (`team_id`) REFERENCES `teams` (`id`) ON DELETE CASCADE
) ENGINE=InnoDB DEFAULT CHARSET=utf8mb4 COLLATE=utf8mb4_unicode_ci;



-- 2023-07-20 13:05:47
